<?xml version="1.0" encoding="UTF-8" ?>

<!DOCTYPE log4j:configuration SYSTEM "log4j.dtd">

<log4j:configuration xmlns:log4j="http://jakarta.apache.org/log4j/">

	<appender name="console" class="org.apache.log4j.ConsoleAppender">
		<layout class="org.apache.log4j.PatternLayout">
			<param name="ConversionPattern" value="%d{yyyy-MM-dd HH:mm:ss} %-5p %c{1}:%L - %m%n" />
		</layout>
	</appender>
	<appender name="debugOnly" class="org.apache.log4j.RollingFileAppender">
		<param name="File" value="D:\\EIDAPortalLog\\Debug\\debug_SAMPLE.log" />
		<param name="MaxFileSize" value="10MB" />
		<param name="MaxBackupIndex" value="1" />
		<param name="Append" value="true" />
		<layout class="org.apache.log4j.PatternLayout">
			<param name="ConversionPattern" value="%d
 %-5p %-17c{2} (%30F:%L) %3x - %m%n" />
		</layout>
		<!--Filter to log debug messages only -->
		<filter class="org.apache.log4j.varia.LevelMatchFilter">
			<param name="LevelToMatch" value="debug" />
			<param name="AcceptOnMatch" value="true" />
		</filter>

		<filter class="org.apache.log4j.varia.DenyAllFilter" />
	</appender>

	<appender name="errorOnly" class="org.apache.log4j.RollingFileAppender">
		<param name="File" value="D:\\EIDAPortalLog\\Error\\error_SAMPLE.log" />
		<param name="MaxFileSize" value="10KB" />
		<param name="MaxBackupIndex" value="1" />
		<layout class="org.apache.log4j.PatternLayout">
			<param name="ConversionPattern" value="%d
 %-5p %-17c{2} (%30F:%L) %3x - %m%n" />
		</layout>

		<!--Filter to log error messages only -->
		<filter class="org.apache.log4j.varia.LevelMatchFilter">
			<param name="LevelToMatch" value="error" />
			<param name="AcceptOnMatch" value="true" />
		</filter>
		<filter class="org.apache.log4j.varia.DenyAllFilter" />

	</appender>

	<!-- <logger name ="MyLogger" aditivity="false"> <level value="debug"/> 
		<appender-ref ref="debugOnly"/> <appender-ref ref="errorOnly"/> </logger> -->

	<root>
		<!-- <level value="debug" /> -->
		<priority value="DEBUG" />
		<appender-ref ref="console" />
		<appender-ref ref="debugOnly" />
		<appender-ref ref="errorOnly" />
	</root>

</log4j:configuration> 